,Name,Max
0,PIK,649.2552673816681
1,GFAI,402.18680930137634
