,Name,Max
0,AAPL,464.6899999999996
1,AGN,275.2199999999998
