,Name,Min
0,SQQQ,-261.01596450805664
1,PIK,-161.432044506073
