,Name,Min
0,PIK,-253.7563819885254
1,KAVL,-221.646626830101
