,Name,Min
0,PIK,-274.9903812408447
1,KAVL,-146.47589552402496
