,Name,FinalVal
0,SOFI,24.379308700561523
1,NIO,19.220779418945312
2,SQQQ,18.75505828857422
