,Name,FinalVal
0,SOFI,178.56004333496094
1,MRNA,162.43048095703125
2,MULN,104.53894996643066
