,Name,FinalVal
0,MULN,-19.139981746673584
1,KAVL,-14.414831161499023
2,GROM,-11.24847137928009
