,Name,Max
0,GROM,55.4115469455719
1,SOFI,47.66282367706299
