,Name,FinalVal
0,PIK,-287.01538848876953
1,KAVL,-156.76067197322845
2,SQQQ,-35.927978515625
