,Name,Max
0,MULN,237.32362508773804
1,MULN,167.38024425506592
