,Name,Max
0,MULN,183.92098307609558
1,SOFI,178.56004333496094
