,Name,FinalVal
0,PIK,-253.7563819885254
1,KAVL,-216.17663204669952
2,GROM,-96.80470967292786
