,Name,FinalVal
0,SQQQ,-221.06560897827148
1,PIK,-218.79541683197021
2,KAVL,-134.56069314479828
