,Name,Min
0,KR,-205.48000000000002
1,DG,-190.07999999999993
