,Name,FinalVal
0,AAPL,431.5399999999995
1,AGN,240.56999999999994
2,COTY,176.9000000000001
