,Name,FinalVal
0,ADBE,-172.96000000000004
1,GILD,-153.5250000000001
2,NFLX,-141.75
