,Name,Min
0,MULN,-165.74106097221375
1,GROM,-126.64634835720062
