,Name,FinalVal
0,GROM,-117.08834481239319
1,SQQQ,-49.43413543701172
2,MRNA,-44.502532958984375
