,Name,Min
0,PIK,-277.7186551094055
1,KAVL,-165.10898208618164
