,Name,FinalVal
0,NIO,40.28721809387207
1,SOFI,32.321316719055176
2,TQQQ,26.09644317626953
