,Name,Max
0,MULN,122.60821485519409
1,MULN,121.87950110435486
