,Name,FinalVal
0,PIK,-274.6341052055359
1,KAVL,-159.69369637966156
2,GROM,-98.85993254184723
