,Name,FinalVal
0,SQQQ,-261.01596450805664
1,PIK,-157.53757619857788
2,KAVL,-93.59866690635681
