,Name,FinalVal
0,PIK,-279.5281319618225
1,GROM,-124.19629383087158
2,KAVL,-69.2387866973877
