,Name,Max
0,MULN,161.40024995803833
1,MULN,151.70980286598206
