,Name,FinalVal
0,MULN,45.252981066703796
1,SQQQ,26.07284164428711
2,TQQQ,24.819721221923828
