,Name,Min
0,PIK,-282.57288122177124
1,GROM,-124.19629383087158
