,Name,Max
0,MULN,121.87950110435486
1,MULN,112.67047905921936
