,Name,FinalVal
0,SOFI,30.519373893737793
1,NIO,28.437240600585938
2,SQQQ,19.86699676513672
