,Name,FinalVal
0,KAVL,-213.3216347694397
1,PIK,-146.81229209899902
2,GROM,-84.13861441612244
