,Name,Min
0,KAVL,-218.7916295528412
1,PIK,-146.81229209899902
