,Name,Min
0,GROM,-26.60524022579193
1,KAVL,-25.77482032775879
