,Name,FinalVal
0,PIK,47.02192401885986
1,SOFI,41.107787132263184
2,PLTR,13.350049018859863
