,Name,Max
0,MULN,128.663188457489
1,MULN,121.87950110435486
