,Name,FinalVal
0,SOFI,188.32681274414062
1,MRNA,159.01144409179688
2,MULN,157.49106335639954
