,Name,Min
0,PIK,-223.5704665184021
1,SQQQ,-221.06560897827148
