,Name,Max
0,MULN,237.32362508773804
1,SOFI,188.32681274414062
