,Name,FinalVal
0,PIK,492.7032959461212
1,MULN,248.76157331466675
2,GFAI,229.68604183197021
