,Name,FinalVal
0,MULN,152.30102705955505
1,NIO,43.12643241882324
2,SQQQ,42.274330139160156
