,Name,Min
0,PIK,-295.685453414917
1,KAVL,-156.76067197322845
