,Name,Max
0,MULN,146.0228831768036
1,MULN,121.87950110435486
