,Name,FinalVal
0,PIK,-271.9058313369751
1,KAVL,-146.47589552402496
2,GROM,-117.45025265216827
