,Name,FinalVal
0,NIO,38.965301513671875
1,SOFI,30.519373893737793
2,TQQQ,24.6846923828125
